,height,width
0,212.42164023760813,211.2155262289529
1,112.04897328208395,55.6334062209949
2,313.9004732835743,121.85007265289836
3,361.6972720131359,374.27553881709474
4,202.20699109008942,349.156015312995
5,200.43571566440448,88.16436254319913
6,45.030337973623176,33.75464833627311
7,351.6503985820376,239.79944561449327
8,110.62458546906618,150.41872587779028
